Words,Definitions,Paraphrased Definitions
jerky,"Dried meat, often used as a snack.","    Dehydrated meat, frequently enjoyed as a snack."
jigsaw puzzles,Puzzles where pieces fit together to form an image or pattern.,    Jigsaw puzzles involving interlocking pieces to create images or patterns.
board games,Games played on a flat board with pieces or cards.,    Board games involving pieces or cards played on a flat surface.
juices,Liquid extracted from fruits or vegetables.,    Extracted liquid from fruits or vegetables.
nails,Metal fasteners used for joining materials.,    Metal connectors utilized for joining materials together.
drawing painting supplies,Materials for creating visual art.,    Supplies for crafting visual art.
figures,"Small representations of people, animals, or objects.","    Small figurines representing people, animals, or objects."
dolls,Human or humanoid-shaped toys.,    Toys in the shape of humans or humanoid creatures.
card games,Games played with a deck of cards.,    Games involving a standard deck of cards.
drawing sketching tablets,Digital devices for drawing and sketching.,    Digital tools designed for drawing and sketching.
shape sorters,Toys for teaching shape recognition.,    Educational toys for teaching shape recognition.
deodorants antiperspirants,Products for controlling body odor and sweating.,    Products to manage body odor and perspiration.
nutrition bars drinks,Edible products for dietary needs.,    Edible items tailored to dietary requirements.
habitats,Environments where organisms live.,    Habitats where living organisms thrive.
household batteries,Batteries commonly used in homes.,    Common household batteries.
push pull toys,Toys that can be pushed or pulled.,    Push or pull toys.
scooters wagons,Wheeled vehicles for kids.,    Wheeled vehicles intended for children.
clay dough,Moldable material often used for sculpting.,    Moldable material often employed for sculpting.
allergy,A hypersensitive reaction to a substance.,    Excessive sensitivity to a substance.
baby gyms playmats,Play equipment for infants.,    Play equipment suitable for infants.
shaving hair removal,Products and methods for hair removal.,    Products and techniques for hair removal.
face,The front part of the head.,    The anterior part of the head.
animals figures,Toy representations of animals.,    Toy representations of various animals.
feminine care,Products for female hygiene.,    Personal hygiene products for females.
music sound,Products and equipment related to sound and music.,    Sound and music-related equipment and products.
oral hygiene,Products and practices for dental care.,    Dental care products and practices.
pretend play,Imaginative role-playing activities.,    Creative role-play activities.
cleansers,Cleaning products for various surfaces.,    Cleaning products designed for diverse surfaces.
playsets,Collections of toys for imaginative play.,    Collections of toys that inspire imaginative play.
d puzzles,Three-dimensional puzzle games.,    Three-dimensional puzzle games.
dollhouses,Miniature houses for dolls.,    Miniature dollhouses.
lip care products,Products for lip health and appearance.,    Items promoting lip health and appearance.
nail tools,Tools for nail grooming and care.,    Tools for nail grooming and maintenance.
eye care,Products and practices for eye health.,    Products and practices for maintaining eye health.
pill cases splitters,Containers and devices for pills.,    Containers and devices for holding pills.
styling products,Hair care and styling products.,    Hair care and styling products.
electronic toys,Toys with electronic components.,    Toys featuring electronic components.
body,The physical structure of a person or animal.,    The physical structure of humans and animals.
toy balls,Ball-shaped toys.,    Spherical toys.
eyes,Organs of sight in humans and animals.,    Organs responsible for vision in humans and animals.
trading card games,Card-based strategy games.,    Strategy games played with cards.
foot care,Products for foot health and comfort.,    Products for foot comfort and health.
hands nails,Care and grooming products for hands and nails.,    Hand and nail care and grooming products.
sun,The star at the center of the solar system.,    The central star in our solar system.
daily living aids,Tools and equipment for daily tasks.,    Tools and equipment used in daily tasks.
personal care,Products and practices for personal hygiene.,    Products and practices for personal hygiene.
paper plastic,Materials used in various applications.,    Versatile materials used in various applications.
incontinence,Products for managing urinary or bowel incontinence.,    Products for managing urinary or bowel incontinence.
shampoos,Hair cleansing products.,    Cleansing products specifically for hair.
conditioners,Hair care products for conditioning hair.,    Hair care products designed for hair conditioning.
music players karaoke,Devices for playing music and karaoke.,    Devices for playing music and karaoke.
cough cold,Products for treating coughs and colds.,    Products for treating coughs and colds.
bath,A container for bathing.,    A vessel for bathing.
tests,Examinations or assessments.,    Examinations or evaluations.
building sets,Toys for constructing structures or models.,    Toys for constructing structures or models.
stress reduction,Techniques and products for reducing stress.,    Techniques and products for stress reduction.
family planning contraceptives,Methods and products for family planning.,    Methods and products for family planning.
vitamins supplements,Nutritional supplements.,    Dietary supplements.
hair color,Products for coloring hair.,    Hair coloring products.
pain relievers,Medications for pain relief.,    Pain relief medications.
cotton swabs,Small sticks with cotton tips for various uses.,    Small sticks with cotton tips for various purposes.
styling tools,Tools for hairstyling.,    Hairstyling tools.
first aid,Products and practices for basic medical care.,    Products and practices for basic medical care.
scrubs body treatments,Skin care and exfoliating products.,    Skin care and exfoliation products.
cleaning tools,Tools for cleaning and tidying up.,    Tools for cleaning and organizing.
pegged puzzles,Puzzles with pegs for easy handling.,    Peg puzzles for easy manipulation.
diabetes,A medical condition related to blood sugar levels.,    A medical condition related to blood sugar levels.
magic kits accessories,Kits for performing magic tricks.,    Kits for performing magic tricks.
albums,Collections of photographs or music.,    Collections of photographs or music.
crib toys attachments,Toys and attachments for baby cribs.,    Toys and attachments for baby cribs.
digestion nausea,Products for digestive health and nausea relief.,    Products for digestive health and alleviating nausea.
electronic pets,Virtual or electronic pet toys.,    Virtual or electronic pet toys.
safer sex,Products and practices for safe sexual activity.,    Products and practices for safe sexual activity.
thermometers,Devices for measuring temperature.,    Temperature-measuring devices.
stacking nesting toys,Toys that can be stacked or nested.,    Stackable or nesting toys.
makeup remover,Products for removing makeup.,    Makeup removal products.
temporary tattoos,Temporary skin art.,    Temporary skin adornments.
play tents tunnels,Play structures resembling tents or tunnels.,    Play structures resembling tents or tunnels.
science,The study of the natural world.,    The study of the natural world.
sports,Physical activities and related equipment.,    Physical activities and related equipment.
bath toys,Toys for use in the bath.,    Bath toys for children.
puppets,Hand or finger-operated dolls.,    Hand-operated or finger-operated dolls.
systems accessories,Various systems and their accessories.,    Various systems and their accompanying accessories.
action toy figures,Action figures of characters.,    Action figures portraying characters.
health monitors,Devices for monitoring health parameters.,    Devices for monitoring health indicators.
inflatable bouncers,Bouncy play structures.,    Bouncy play structures.
model building kits tools,Kits and tools for building models.,    Kits and tools for constructing models.
blackboards whiteboards,Writing surfaces.,    Surfaces for writing.
pools water fun,Products for water-related fun and activities.,    Products for water-based fun and activities.
rattles,Baby toys that make noise.,    Noisy baby toys.
sandboxes accessories,Play areas filled with sand and related accessories.,    Play areas filled with sand and related accessories.
activity play centers,Play centers for children.,    Children's play centers.
car seat stroller toys,Toys for use in car seats and strollers.,    Toys designed for use in car seats and strollers.
bottle feeding,Feeding babies using bottles.,    Infant feeding using bottles.
breastfeeding,Feeding babies with breast milk.,    Infant feeding with breast milk.
diaper changing kits,Kits for changing diapers.,    Diaper-changing kits.
puzzle accessories,Accessories for puzzles.,    Accessories for puzzles.
diaper pails refills,Containers for used diapers and refills.,    Containers for used diapers and refill options.
bathroom safety,Products for safety in the bathroom.,Products to enhance bathroom safety.
massage relaxation,Techniques and products for relaxation.,    Relaxation techniques and relaxation products.
gates doorways,Barriers or entrances to restrict access.,"    Access restrictions, including barriers and entrances."
furniture,"Items used for seating, storage, or decoration in a living space.","    Furnishings for seating, storage, or decor in living spaces."
monitors,Screens or devices for displaying information.,    Information display screens and devices.
cloth diapers,Reusable diapers made of fabric.,    Fabric-based reusable diapers.
plush backpacks purses,Soft and stuffed backpacks or handbags.,    Soft and plush backpacks or handbags.
statues,Sculpted three-dimensional representations of people or objects.,    Three-dimensional sculptures representing people or objects.
bathing tubs seats,"Tubs and seats for bathing, especially for infants.",    Bathtubs and seats for infant bathing.
play vehicles,Toy vehicles for children's play.,"    Children's play vehicles, often in toy form."
backpacks carriers,Backpack-style carriers for transporting children.,    Backpack-style child carriers.
craft kits,Kits containing materials for crafting and creating art.,    Crafting and art creation kits.
car seats,Seats designed to protect children in vehicles.,    Child safety seats for vehicles.
nursery d cor,Decorative items for a baby's room.,    Decorative items for a baby's nursery.
hammering pounding toys,Toys for pounding or hammering objects.,    Hammering or pounding toys.
bedding,"Sheets, blankets, and pillowcases for a bed.","    Bed linens like sheets, blankets, and pillowcases."
play trains railway sets,Toy trains and related sets.,    Toy trains and associated playsets.
rockets,"Devices that launch into the air, often used as toys.","    Air-launching devices, frequently used as toys."
stacking blocks,Blocks designed for stacking and building.,    Building blocks for stacking and construction.
diaper bags,"Bags for carrying baby essentials, including diapers.","    Baby essential bags, including diaper bags."
gym sets swings,Sets with swings for physical activity.,    Sets featuring swings for physical play.
maternity pillows,Pillows designed for pregnant women's comfort.,    Pregnancy comfort pillows.
rocking spring ride ons,Rocking toys with spring mechanisms.,    Spring-loaded rocking toys.
braces,Dental or orthodontic devices to straighten teeth.,    Orthodontic or dental devices for teeth alignment.
accessories,Supplementary items or decorations.,    Additional items or decorative pieces.
vehicle playsets,Sets with toy vehicles and accessories.,    Toy vehicle sets with accessories.
doll accessories,"Accessories for dolls, such as clothing and furniture.",    Doll accessories like clothing and furniture.
litter housebreaking,Products for training pets and managing litter.,    Products for pet training and litter management.
spinning tops,Tops that spin when spun with a twirling motion.,    Spinning tops activated by twirling.
sets,Collections of related items.,    Collections of interconnected items.
travel games,Games designed for playing during travel.,    Travel-friendly games.
pillows stools,Cushions and small seats.,    Cushions and compact seats.
battling tops,Tops used in competitive spinning battles.,    Spinning tops for competitive battles.
cameras camcorders,Devices for capturing photos and videos.,    Photography and video capture devices.
dance mats,Mats for dancing or interactive video games.,    Dance mats and interactive video game mats.
food,Edible items for consumption.,    Edible consumables.
radio control,Devices for remote control of vehicles or objects.,    Remote control devices for vehicles and objects.
grooming healthcare kits,Kits for personal grooming and healthcare.,    Personal grooming and healthcare kits.
balls,Spherical objects used for various activities.,    Spherical objects used in various activities.
tile games,Games played with tiles as components.,    Tile-based games.
potties seats,Training potties and seats for toddlers.,    Toddler training potties and seats.
highchairs booster seats,Chairs for feeding infants and toddlers.,    Chairs designed for feeding infants and toddlers.
stuffed animals toys,Soft toys in the form of animals.,    Plush animal-shaped toys.
dvd games,Games played on DVD players.,    DVD player-compatible games.
edge corner guards,Guards to protect from sharp edges and corners.,    Guards for safeguarding against sharp edges and corners.
basic life skills toys,Toys for teaching practical life skills.,    Educational toys for teaching life skills.
activity centers entertainers,Play centers and entertainers for babies.,    Baby play centers and entertainers.
thermometer accessories,Accessories for thermometers.,    Thermometer accessories.
wipes holders,Holders for baby wipes.,    Baby wipe holders.
gift sets,Sets of items packaged as gifts.,    Gift sets containing multiple items.
solid feeding,Introducing solid foods to infants.,    Introducing solid foods to infants.
joggers,Casual pants suitable for jogging.,    Jogging-appropriate casual pants.
health care,Products and services related to healthcare.,    Healthcare-related products and services.
facial steamers,Devices for facial steaming.,    Facial steaming devices.
kites wind spinners,Kites and spinning wind decorations.,    Kites and wind decorations that spin.
toys,Playthings for amusement and entertainment.,    Amusement and entertainment playthings.
walkers,Devices to assist with walking.,    Walking assistance devices.
slumber bags,Sleeping bags for kids.,    Sleeping bags designed for kids.
die cast vehicles,cast vehicles - Small model vehicles made of metal.,    Metal-made miniature model vehicles.
easels,Stands for holding and displaying artwork.,    Artwork display stands.
lips,"The soft, movable parts surrounding the mouth.",    The pliable mouth surroundings.
tea,A beverage made by steeping tea leaves in hot water.,    A hot water-infused beverage brewed from tea leaves.
reading writing,Activities related to reading and writing.,    Activities associated with reading and writing.
snack gifts,Gifts containing snacks.,    Snack-containing gift packages.
stacking games,Games involving stacking objects.,    Object-stacking games.
sauces,Condiments or liquid accompaniments for food.,    Condiments and liquid complements for food.
cereals,Breakfast food made from grains.,    Grain-based breakfast foods.
shopping cart covers,Covers for shopping cart seats.,    Seat covers for shopping carts.
scaled model vehicles,Model vehicles with proportional scaling.,    Scale-proportionate model vehicles.
cooking baking supplies,Supplies for cooking and baking.,    Cooking and baking supplies.
personal video players accessories,Accessories for personal video players.,    Personal video player accessories.
women s,Products or items for women.,    Products and items tailored for women.
keepsakes,Items kept for sentimental value.,    Keepsakes and sentimental objects.
treats,Small indulgent snacks or rewards.,"    Small, indulgent snacks or treats."
swings,Suspended seats for swinging back and forth.,    Swinging seats suspended for back-and-forth motion.
trains accessories,Accessories for toy trains.,    Accessories for toy trains.
disposable diapers,Single-use diapers.,    Disposable diapers.
plug play video games,Video games that can be played with minimal setup.,    Minimal setup video games.
floor puzzles,Large puzzles designed to be assembled on the floor.,    Large floor-assembled puzzles.
live indoor plants,Live plants suitable for indoor environments.,    Indoor-appropriate live plants.
weight loss products,Products for assisting with weight loss.,    Products aiding in weight loss.
smoking cessation,Products and methods to quit smoking.,    Smoking cessation products and methods.
beauty fashion,Products and items related to beauty and fashion.,    Beauty and fashion-related products and items.
mirrors,Reflective surfaces for viewing oneself.,    Mirrored surfaces for self-viewing.
coffee,A popular beverage made from roasted coffee beans.,    Popular beverage produced from roasted coffee beans.
cabinet locks straps,Locks and straps to secure cabinets and drawers.,    Locks and straps securing cabinets and drawers.
plush pillows,Soft and cushiony pillows.,    Soft and cushioned pillows.
floor games,Games played on the floor surface.,    Floor-surface-played games.
makeup brushes tools,Tools and brushes for applying makeup.,    Makeup application tools and brushes.
alternative medicine,Non-traditional or holistic approaches to healthcare.,    Non-traditional or holistic healthcare approaches.
changing table pads covers,Pads and covers for changing tables.,    Changing table pads and covers.
men s,Products or items designed for men.,    Products and items tailored for men.
step stools,Small stools used for reaching high places.,    Small step stools for reaching heights.
rails rail guards,Rails and guards for safety and support.,    Safety and support rails and guards.
laundry,The process of washing and drying clothes.,    The laundering and drying of clothes.
women s health,Products and services related to women's health.,    Products and services concerning women's health.
standard,Items that conform to established norms or standards.,    Items adhering to established norms or standards.
beds furniture,Furniture related to beds and bedding.,    Bed and bedding-related furniture.
herbs,"Plants used for culinary, medicinal, or aromatic purposes.","    Culinary, medicinal, or aromatic plants."
sleep positioners,Devices to aid in achieving a comfortable sleep position.,    Devices promoting comfortable sleep positions.
health supplies,Supplies related to health and wellness.,    Health and wellness-related supplies.
breakfast cereal bars,"Bars made from breakfast cereals, often for a quick morning meal.","    Cereal-based bars, commonly enjoyed as a quick morning meal."
body art,"Various forms of artistic expression on the human body, including tattoos and body piercings.","    Forms of self-expression involving the human body, including tattoos and body piercings."
condiments,"Sauces, spices, or seasonings used to enhance the flavor of food.","    Condiments, spices, or seasonings employed to enrich the taste of food."
cakes,"Baked sweet treats typically made with flour, sugar, and eggs, often with frosting or icing.","    Sweet baked goods traditionally crafted with flour, sugar, and eggs, often adorned with frosting or icing."
dried beans,Legumes that have been dried and are typically rehydrated before cooking.,"    Dried legumes, typically rehydrated before cooking."
household cleaning,Products and tools used for cleaning homes and spaces.,    Cleaning products and tools for maintaining living spaces.
collars,"Straps or bands worn around the neck, often used for pets or as a fashion accessory.","    Neck-worn straps or bands, frequently used for pets or as a fashion statement."
educational repellents,Products designed to deter pests or animals while also providing educational information.,    Products aimed at deterring pests or animals while also providing educational content.
dessert gifts,Gifts that include desserts or sweet treats.,    Gift sets featuring desserts or sweet confections.
adult toys games,Toys and games intended for adult entertainment.,    Adult-oriented toys and games for amusement.
teddy bears,"Soft stuffed bears, often used as toys or gifts.","    Plush stuffed bears, commonly utilized as toys or presents."
therapeutic skin care,Skin care products designed to address specific therapeutic needs.,    Therapeutic skin care items catering to specific needs.
chocolate assortments,Collections of various chocolate treats and flavors.,    Assortments of various chocolate confections and flavors.
sand water tables,Play tables designed for children to explore sand and water.,    Play tables specially designed for children to explore sand and water.
slot cars,Miniature cars used in slot car racing games.,    Miniature cars employed in slot car racing activities.
chocolate,A sweet treat made from cocoa beans.,    A sweet delicacy derived from cocoa beans.
soft drinks,Non-alcoholic carbonated beverages.,    Non-alcoholic fizzy beverages.
chips crisps,Snack foods made from sliced and fried potatoes or other ingredients.,    Snack items created from sliced and fried potatoes or alternative ingredients.
licorice,A chewy candy with a distinctive licorice flavor.,    A chewy candy characterized by its unique licorice flavor.
feeding watering supplies,Items related to feeding and providing water for pets or animals.,    Accessories and items related to pet feeding and hydration.
blasters foam play,Foam-based toys or play equipment.,    Foam-based toys or play apparatus.
skin care,Products and routines for maintaining healthy skin.,    Products and routines for maintaining optimal skin health.
chocolate bars,Rectangular bars of chocolate.,    Rectangular chocolate bars.
wild game fowl,Meat from wild birds used for culinary purposes.,    Wild bird meat utilized in culinary applications.
spices seasonings,Flavorful substances used to enhance the taste of food.,    Flavorful substances employed to elevate the taste of food.
cookies,"Sweet baked goods typically made from flour, sugar, and butter.","    Sweet baked items traditionally made with flour, sugar, and butter."
training behavior aids,Products and tools to assist in training and modifying behavior.,    Products and tools to aid in training and behavior modification.
gardening tools,Tools and equipment used for gardening and landscaping.,    Implements and equipment for gardening and landscaping.
bathroom aids safety,Products designed to enhance bathroom safety.,    Products designed to enhance safety in the bathroom.
pogo sticks hoppers,Toys that involve bouncing on a spring-loaded stick or ball.,    Toys involving bouncing on spring-loaded sticks or balls.
powdered drink mixes,Mixes for creating flavored beverages by adding water.,    Beverage mixes that produce flavored drinks when water is added.
playards,Enclosed play areas for young children.,    Enclosed play spaces for young children.
gag toys practical jokes,Toys and items intended for humorous or playful pranks.,    Toys and items intended for playful and humorous pranks.
baby formula,"A substitute for breast milk, designed for infant nutrition.",    A breast milk substitute designed for infant nourishment.
lighters,Devices used to create a flame for various purposes.,    Devices used to generate flames for various purposes.
dried fruit raisins,Fruits that have been dried to preserve them.,    Dried fruits for preservation.
money banks,Containers for storing and saving money.,    Receptacles for storing and saving money.
marble runs,Toys that involve rolling marbles through a series of tracks and obstacles.,    Toys involving rolling marbles through intricate tracks and obstacles.
game collections,Collections of various games for entertainment.,    Assortments of various games for entertainment.
kitchen safety,Products and measures to ensure safety in the kitchen.,    Products and measures to ensure kitchen safety.
gum,Chewing gum or bubble gum.,    Chewing gum or bubble gum.
outdoor safety,Products and precautions for safety in outdoor environments.,    Products and precautions for outdoor safety.
hair nails,Products and tools for grooming and maintaining hair and nails.,    Tools and equipment for hair and nail grooming and maintenance.
aquarium lights,Lighting systems for aquariums to support plant and animal life.,    Aquarium lighting systems supporting plant and animal life.
blocks,Cubic or rectangular building toys for children.,"    Building toys for children, typically cubic or rectangular in shape."
tandem,A bicycle built for two riders seated one behind the other.,"    A bicycle designed for two riders, with one seated behind the other."
occupational physical therapy aids,Tools and aids used in occupational and physical therapy.,    Tools and aids used in occupational and physical therapy.
packaged meals side dishes,Prepared meals and side dishes that come in packaging.,    Ready-made meals and side dishes packaged for convenience.
indoor climbers play structures,"Play structures designed for indoor use, often for climbing and physical activity.","    Indoor play structures, often for climbing and physical activity."
pumps filters,Equipment used for pumping and filtering liquids or gases.,    Equipment for liquid or gas pumping and filtration.
beds accessories,Accessories and items related to beds and bedding.,    Accessories and items related to beds and bedding.
energy drinks,Beverages designed to provide an energy boost.,    Energy-boosting beverages.
sleep snoring,Products and solutions for improving sleep quality and reducing snoring.,    Products and solutions for enhancing sleep quality and reducing snoring.
geography,The study of the Earth's physical features and the relationships between people and their environments.,    The study of the Earth's physical features and human-environment relationships.
houses habitats,Structures or environments where living organisms reside.,    Habitats or environments where living organisms dwell.
cheese,"A dairy product made from milk curds, often used as a topping or ingredient in dishes.","    A dairy product derived from milk curds, commonly used as a topping or ingredient."
travel systems,"Systems or products designed for travel, such as luggage and accessories.","    Systems or products tailored for travel, including luggage and travel accessories."
walkie talkies,Portable two-way radios for communication.,    Portable two-way communication radios.
mobility aids equipment,Devices and equipment to assist individuals with mobility challenges.,    Devices and equipment aiding individuals with mobility challenges.
sexual enhancers,Products designed to enhance sexual experiences or performance.,    Products designed to enhance sexual experiences or performance.
dips,Sauces or spreads used for dipping food items.,    Sauces or spreads for dipping food items.
dollhouse accessories,Accessories and furnishings for dollhouses.,    Accessories and furnishings for miniature dollhouses.
party mix,A mixture of snack foods often served at parties.,    A mixture of assorted snack foods often served at gatherings.
bathing accessories,"Accessories for bathing, such as brushes, loofahs, and sponges.","    Bathing accessories, such as brushes, loofahs, and sponges."
grooming,Personal care and hygiene practices.,    Personal care and hygiene practices.
baby seats,"Seats designed for infants or young children, often for use in cars.","    Seats designed for infants or young children, often for use in vehicles."
wind up toys,Toys that are powered by winding a mechanism.,    Wind-up toys that operate on mechanical mechanisms.
sensual delights,Pleasurable experiences or products that appeal to the senses.,    Enjoyable experiences or products that engage the senses.
hot cocoa,A warm beverage made from cocoa and milk.,    A warm beverage crafted from cocoa and milk.
dishwashing,The act of washing dishes and utensils.,    The act of washing dishes and utensils.
carriers strollers,Strollers and carriers for transporting infants and young children.,    Strollers and carriers for transporting infants and young children.
flash cards,"Cards used for learning and memorization, often with educational content.","    Educational cards used for learning and memorization, often with informative content."
novelty gag toys,Unconventional or humorous toys and items.,    Unconventional or comical toys and novelties.
brain teasers,Puzzles and games that challenge mental skills.,    Mental skill-challenging puzzles and games.
nesting dolls,Sets of wooden dolls that fit inside one another.,    Sets of nesting wooden dolls.
test kits,Kits used for testing and analysis in various fields.,    Kits employed for testing and analysis across various fields.
lightweight,Items that are light in weight or easy to carry.,    Lightweight items easy to carry.
hair loss products,Products designed to address hair loss or promote hair growth.,    Products tailored to address hair loss or promote hair growth.
water treatments,Treatments for purifying or conditioning water.,    Treatments for purifying or conditioning water.
hair scalp treatments,Products and treatments for hair and scalp health.,    Products and treatments promoting hair and scalp health.
cages accessories,"Accessories for cages, often used for pets or animals.","    Cage accessories, often used for pets or animals."
gummy candies,"Soft, chewy candies in gummy form.","    Soft, chewy gummy candies."
gummy candy,"A type of candy that is soft and chewy, often in the form of gummies.","    A candy type known for its soft, chewy texture, often taking the form of gummies."
jerky dried meats,"Dried and preserved meats, often in strip form.","    Preserved meats, often in strip form."
houses,Structures or dwellings where people or animals live.,    Abodes or habitats where people or animals reside.
chocolate truffles,"Rich, chocolate confections with a creamy center.",    Rich chocolate confections featuring a creamy center.
ear care,Products and practices for maintaining ear health.,    Products and practices for maintaining ear health.
milk,"A dairy beverage derived from mammals, often consumed as a drink or used in cooking.","    A dairy-based beverage derived from mammals, commonly consumed as a drink or utilized in cooking."
pizza crusts,"The bread-like base of a pizza, often made from dough.",    The doughy base of a pizza.
fresh baked cookies,Cookies that have recently been prepared and baked.,    Freshly baked and prepared cookies.
hard candies,"Solid, often fruit-flavored candies that are hard and dissolve slowly in the mouth.","    Solid, often fruit-flavored candies that slowly dissolve in the mouth."
sports supplements,Nutritional products designed to enhance athletic performance and recovery.,    Nutritional products aimed at enhancing athletic performance and recovery.
baking mixes,"Pre-packaged mixes containing dry ingredients for baking, such as cake or muffin mix.","    Pre-packaged baking mixes containing dry ingredients, such as cake or muffin mix."
crackers,"Crispy baked snacks often made from flour, water, and seasonings.","    Crispy baked snacks often made from flour, water, and seasonings."
pork rinds,"Snacks made from fried or roasted pigskin, resulting in crispy, puffy pieces.","    Snacks produced by frying or roasting pigskin, resulting in crispy, puffy pieces."
pasta noodles,Long or short strands of pasta made from wheat or other grains.,    Long or short pasta strands made from wheat or other grains.
trail mix,"A snack mix typically consisting of nuts, dried fruits, and sometimes chocolate or other additions.","    A snack mix typically comprising nuts, dried fruits, and sometimes chocolate or other additions."
carriers travel products,"Products designed for carrying and organizing items during travel, such as luggage and travel accessories.","    Products designed for organizing and carrying items during travel, including luggage and travel accessories."
fresh fruits,Recently harvested fruits that are typically consumed as a healthy snack or ingredient.,    Recently harvested fruits typically consumed as a healthy snack or ingredient.
toaster pastries,"Pre-packaged pastries that can be toasted before eating, often with sweet fillings.","    Pre-packaged pastries that can be toasted before consumption, often filled with sweet fillings."
rice cakes,"Crispy, round cakes made from rice, often eaten as a low-calorie snack or base for toppings.","    Crunchy, circular rice cakes, frequently enjoyed as a low-calorie snack or as a base for toppings."
chips,"Thin slices of potatoes, often deep-fried or baked until crispy, commonly used as snacks.","    Delicate potato slices, often crisped through deep-frying or baking, commonly served as snacks."
puffed snacks,"Light and airy snacks made from expanded grains like rice or corn, often flavored.","    Airy and light snacks derived from expanded grains like rice or corn, typically infused with flavors."
pretzels,"Knot-shaped baked snacks, typically seasoned with salt, and enjoyed for their crunchiness.","    Twist-shaped baked snacks, typically seasoned with salt, relished for their satisfying crunch."
mathematics counting,"The fundamental mathematical concept of counting numbers sequentially, starting from one.","    The fundamental mathematical concept involving the sequential counting of numbers, commencing at one."
suckers lollipops,"Confectionery treats, often on sticks, made from hard or soft candy.","    Confections, frequently presented on sticks, crafted from hard or soft candy."
popcorn,"A type of corn that pops when heated, often seasoned with butter and salt, and enjoyed as a snack.","    A type of corn that bursts into popcorn when heated, often seasoned with butter and salt, and savored as a snack."
toy banks,Miniature banks designed for children to play with and learn about saving money.,    Miniature piggy banks tailored for children's play and imparting lessons about saving money.
training pants,Absorbent undergarments for toddlers transitioning from diapers to toilet training.,    Absorbent undergarments designed for toddlers transitioning from diapers to potty training.
tea gifts,"Gift sets or packages containing various types of tea and tea-related items, often given as presents.","    Gift bundles or packages encompassing a variety of tea types and tea-related items, frequently exchanged as presents."
oils,"Various types of cooking oils, such as olive oil or vegetable oil, used in food preparation and cooking.","    A range of cooking oils, such as olive oil or vegetable oil, utilized in culinary preparations and cooking."
aquarium hoods,"Protective covers or lids for fish tanks or aquariums, helping to regulate light and reduce evaporation.","    Protective covers or lids for fish tanks or aquariums, serving to manage illumination and minimize evaporation."
tortillas,"Thin, flatbreads made from wheat or corn flour, often used as a base for dishes like tacos or burritos.","    Thin, unleavened bread made from wheat or corn flour, often used as a foundation for dishes like tacos or burritos."
cheese gifts,"Sets or assortments of different cheeses or cheese-related products, often given as gifts to cheese enthusiasts.","    Sets or selections of assorted cheeses or cheese-related products, commonly given as gifts to cheese enthusiasts."
doors,"Movable barriers that provide access or security to buildings, rooms, or other spaces.","    Movable partitions facilitating access or security in buildings, rooms, or other spaces."
standard playing card decks,"Sets of 52 cards used for playing various card games, typically consisting of four suits (hearts, diamonds, clubs, spades) and numbered and face cards (kings, queens, jacks).","    Decks of 52 cards employed for various card games, typically consisting of four suits (hearts, diamonds, clubs, spades) and numbered and face cards (kings, queens, jacks)."
fudge,"A sweet confection made from sugar, butter, milk, and flavorings like chocolate or vanilla, known for its soft and creamy texture.","    A sweet confection crafted from sugar, butter, milk, and flavorings such as chocolate or vanilla, renowned for its soft and creamy texture."
syrups,"Thick, sweet liquids often used as toppings for pancakes, waffles, desserts, or beverages.","    Thick, sweet liquids commonly employed as toppings for pancakes, waffles, desserts, or beverages."
printing stamping,"The processes of creating images, text, or designs on surfaces using ink or other marking methods.","    The procedures of generating images, text, or designs on surfaces using ink or alternative marking techniques."
toy gift sets,"Collections of toys packaged together, often following a theme or brand, popular as gifts for children.","    Sets of toys bundled together, often adhering to a specific theme or brand, well-received as children's gifts."
canned jarred food,"Preserved foods sealed in cans or jars to extend shelf life, including vegetables, fruits, sauces, and more.","    Canned or jarred preserved foods intended to extend shelf life, encompassing vegetables, fruits, sauces, and more."
fresh vegetables,Unprocessed and uncooked vegetables typically consumed as part of a healthy diet.,    Unprocessed and uncooked vegetables typically incorporated into a wholesome diet.
apparel accessories,"Items like belts, scarves, hats, and gloves that complement clothing.","    Accessories like belts, scarves, hats, and gloves that complement one's attire."
candy gifts,"Sets or assortments of various candies and chocolates, often given as presents for special occasions.","    Collections or assortments of diverse candies and chocolates, frequently exchanged as gifts for special occasions."
chewing gum,"A type of confectionery chewed for its flavor, typically made from gum base, sweeteners, and flavorings.","    A type of confectionery intended for chewing pleasure, typically composed of gum base, sweeteners, and flavorings."
puzzle play mats,"Interlocking foam mats that create a safe and soft play area for children, often featuring colorful designs and puzzles.","    Interlocking foam mats that create a secure and soft play area for children, often featuring vibrant designs and puzzles."
electrical safety,"Practices and measures taken to prevent electrical hazards, such as shocks or fires, when using electrical devices and systems.","    Practices and precautions implemented to prevent electrical hazards, such as shocks or fires, when using electrical devices and systems."
sugars sweeteners,Various natural and artificial substances used to sweeten food and beverages.,    Various natural and artificial substances utilized to sweeten food and beverages.
marble games,"Games involving the use of marbles, often played on a board or surface.","    Games involving the use of marbles, often played on boards or surfaces."
miniatures,"Small-scale models or representations of objects, often used in hobbies like miniature gaming or diorama making.","    Miniature models or replicas of objects, frequently employed in hobbies like miniature gaming or diorama crafting."
finger boards finger bikes,Miniature skateboards or bicycles designed for finger manipulation and tricks.,    Tiny skateboards or bicycles designed for finger manipulation and performing tricks.
coconut water,"The clear liquid extracted from young green coconuts, often consumed for its refreshing taste and hydration properties.","    The transparent liquid extracted from young green coconuts, frequently consumed for its refreshing taste and hydration benefits."
handheld games,"Video games designed to be played on portable devices held in the hand, such as gaming consoles or mobile phones.",    Video games crafted for play on handheld portable devices such as gaming consoles or mobile phones.
slime putty toys,"Play materials with a slimy or putty-like texture, often used for tactile and sensory play.","    Play materials characterized by a slimy or putty-like consistency, often used for tactile and sensory play."
pastries,"Baked goods, often sweet, made from dough, such as croissants, turnovers, or Danish pastries.","    Baked goods, often sweet, constructed from dough, including croissants, turnovers, or Danish pastries."
teethers,Baby products designed to soothe teething discomfort by providing something safe to chew on.,    Baby products devised to alleviate teething discomfort by providing a safe item to chew on.
butter,"A dairy product made from cream, often used in cooking, baking, and as a condiment.","    A dairy product produced from cream, commonly employed in cooking, baking, and as a condiment."
fruits,"Edible plant products, typically sweet or tart, often consumed fresh or in various dishes and desserts.","    Edible plant products, often sweet or tart, frequently consumed fresh or in various dishes and desserts."
chocolate pretzels,"Snacks featuring pretzels coated or dipped in chocolate, offering a sweet and salty flavor combination.","    Snacks comprising pretzels coated or dipped in chocolate, offering a sweet and salty flavor combination."
breakfast bakery,"Baked goods typically enjoyed for breakfast, including items like muffins, croissants, and Danish pastries.","    Baked goods conventionally enjoyed for breakfast, encompassing items like muffins, croissants, and Danish pastries."
stickers,"Adhesive labels or decals often used for decoration, labeling, or as collectibles.","    Adhesive labels or stickers often utilized for decoration, labeling, or as collectibles."
soaps cleansers,"Products used for cleaning and personal hygiene, including soap bars and facial cleansers.","    Products employed for cleaning and personal hygiene, including soap bars and facial cleansers."
sauces gifts,"Sets or packages containing various sauces and condiments, often given as gifts or used for cooking.","    Sets or bundles encompassing various sauces and condiments, frequently given as gifts or used in cooking."
hobbies,"Leisure activities or interests pursued for enjoyment and relaxation, such as painting, gardening, or model building.","    Leisure pursuits or hobbies pursued for enjoyment and relaxation, such as painting, gardening, or model construction."
fitness equipment,"Gear and devices used for physical exercise and workouts, including weights, treadmills, and resistance bands.","    Equipment and apparatus used for physical exercise and workouts, encompassing weights, treadmills, and resistance bands."
water,"The clear, colorless liquid essential for life, used for hydration, cooking, cleaning, and various industrial purposes.","    The clear, colorless liquid indispensable for life, used for hydration, cooking, cleaning, and various industrial applications."
portable changing pads,"Compact, foldable mats used for changing diapers while on the go, providing a clean and comfortable surface.","    Compact, foldable mats employed for changing diapers on the go, providing a clean and comfortable surface."
dice gaming dice,"Small, often six-sided objects with numbers or pips used in various board and tabletop games.","    Small, often six-sided objects with numbers or pips employed in various board and tabletop games."
pacifiers accessories,Baby products designed to soothe infants by providing something to suck or chew on.,    Baby products designed to soothe infants by providing something to suck or chew on.
bars,"Establishments where alcoholic beverages and often food are served, or narrow, rectangular objects.","    Establishments where alcoholic beverages and often food are served, or narrow, rectangular objects."
cocktail mixers,"Beverage ingredients used to prepare cocktails and mixed drinks, such as juices, syrups, or bitters.","    Beverage ingredients used to concoct cocktails and mixed drinks, encompassing juices, syrups, or bitters."
aquariums,"Enclosed tanks or containers used for keeping aquatic plants and animals, often for decorative purposes.","    Enclosed tanks or containers employed to house aquatic plants and animals, frequently for decorative purposes."
ball pits accessories,"Add-ons or accessories for ball pits, including colorful plastic balls and play structures.","    Add-ons or accessories for ball pits, including colorful plastic balls and play structures."
seafood,"Edible marine creatures often used in cooking and dining, including fish, shellfish, and crustaceans.","    Edible marine creatures often utilized in culinary preparations and dining, incorporating fish, shellfish, and crustaceans."
bags cases,"Containers, pouches, or carriers designed to hold and transport items, belongings, or equipment.","    Containers, pouches, or carriers crafted to hold and transport items, belongings, or equipment."
jelly beans,"Small, bean-shaped candies with a gel-like filling, available in various flavors and colors.","    Small, bean-shaped candies featuring a gel-like filling, available in various flavors and colors."
novelty spinning tops,Unconventional or unique spinning toys often used for entertainment or collecting.,    Unconventional or distinctive spinning toys often employed for amusement or collecting.
automatic feeders,Devices that automatically dispense food or other substances at predetermined times or intervals.,    Devices that automatically dispense food or other substances at predetermined intervals or times.
mints,"Small, often flavored confections, typically enjoyed to freshen breath or enhance taste.","    Small, frequently flavored confections, typically savored to freshen breath or enhance taste."
makeup sets,Collections of cosmetic products and tools designed for makeup application.,    Collections of cosmetic products and tools devised for makeup application.
cleaners,Products used for cleaning and removing dirt or contaminants from surfaces.,    Products employed for cleaning and eliminating dirt or contaminants from surfaces.
fresh cut flowers,Flowers that have been recently cut and are often used for floral arrangements or decoration.,    Flowers that have been freshly cut and are frequently utilized for floral arrangements or embellishment.
jams,"Sweet spreads made from cooked fruits and sugar, often used as toppings for bread or pastries.","    Sweet spreads composed of cooked fruits and sugar, often employed as toppings for bread or pastries."
prams,Baby carriages or strollers designed for infants or young children.,    Baby carriages or strollers designed for infants and young children.
nuts seeds,"Edible plant products often used as snacks, ingredients in cooking, or for garnishing dishes.","    Edible plant products often enjoyed as snacks, cooking ingredients, or garnishes for dishes."
taffy,"A chewy and sweet candy made from sugar or molasses, often flavored and stretched during preparation.","    A chewy and sweet confection crafted from sugar or molasses, typically flavored and stretched during preparation."
rabbit hutches,"Enclosures or shelters for keeping pet rabbits, providing them with shelter and space to move.","    Enclosures or shelters designed for housing pet rabbits, providing them with shelter and space for movement."
aquarium d cor,Decorative items and features used to enhance the visual appeal of aquariums.,    Decorative items and features utilized to enhance the visual appeal of aquariums.
granola bars,"Bars made from oats, nuts, dried fruits, and sweeteners, often used as a convenient snack.","    Bars constructed from oats, nuts, dried fruits, and sweeteners, frequently utilized as a convenient snack."
viewfinders,Optical devices or toys used for viewing images or scenes in a stereoscopic manner.,    Optical devices or toys used to view images or scenes in a stereoscopic manner.
harnesses leashes,"Straps and attachments used for securing and controlling pets, particularly dogs or cats.","    Straps and attachments employed to secure and manage pets, particularly dogs or cats."
puzzles,Games or challenges that involve solving problems or assembling pieces to form a complete picture or pattern.,    Games or challenges requiring problem-solving or assembly of pieces to form a complete picture or pattern.
foie gras p t s,"Luxury food products made from the liver of ducks or geese, often enjoyed as a delicacy.","    Luxury food products composed of duck or goose liver, often savored as a delicacy."
game accessories,"Items and add-ons used to enhance or modify board games, card games, or video games.","    Items and additions employed to enhance or modify board games, card games, or video games."
p t s,"Foods made from finely ground and seasoned meat, fish, or vegetables, often served as spreads or fillings.","    Foods prepared by finely grinding and seasoning meat, fish, or vegetables, often served as spreads or fillings."
game room games,Games typically played indoors in a dedicated game or recreation room.,    Games typically played indoors in a dedicated game or recreation room.
cages,"Enclosures or structures used for confining animals or birds, often used for pets or livestock.","    Enclosures or structures utilized to confine animals or birds, often employed for pets or livestock."
non slip bath mats,Mats designed to provide traction and prevent slipping in bathtubs or showers.,    Mats designed to provide traction and prevent slipping in bathtubs or showers.
halva,"A sweet confection made from ground sesame seeds or other ingredients, often flavored and dense in texture.","    A sweet confection produced from ground sesame seeds or alternative ingredients, often flavored and dense in texture."
games,"Activities or amusements involving rules, competition, and often strategy or chance.","    Activities or entertainments governed by rules, competition, and often involving strategy or chance."
seafood gifts,"Gift sets or packages containing seafood products, often given as presents to seafood enthusiasts.","    Gift bundles or packages containing seafood products, often presented as gifts to seafood enthusiasts."
stimulants,"Substances that increase alertness and energy levels, such as caffeine or certain medications.","    Substances that enhance alertness and energy levels, such as caffeine or specific medications."
beanbags foot bags,Soft bags filled with beans or small pellets used in games where players toss or kick them.,    Soft bags filled with beans or small pellets used in games where players toss or kick them.
shampoo conditioner sets,Sets that include both shampoo and conditioner for hair care.,    Sets that encompass both shampoo and conditioner for hair care.
nut clusters,"Snacks made by combining nuts, such as almonds or peanuts, with sweet binders like chocolate.","    Snacks created by combining nuts, such as almonds or peanuts, with sweet binders like chocolate."
raisins,"Dried grapes, commonly used in baking, cooking, or as a snack.","    Dried grapes, commonly used in baking, cooking, or as a snack."
breadcrumbs,"Ground or crushed pieces of dried bread, often used as a coating for fried or baked foods.","    Ground or crushed pieces of dried bread, often employed as a coating for fried or baked foods."
extracts flavoring,Concentrated liquids used to add flavor to various dishes or beverages.,    Concentrated liquids used to add flavor to various dishes or beverages.
plush puppets,Stuffed toys in the form of puppets often used for storytelling or play.,"    Stuffed toys resembling puppets, often employed for storytelling or play."
shampoo plus conditioner,Hair care products that combine the functions of shampoo and conditioner in one.,    Hair care products that combine the functions of shampoo and conditioner in one.
salsas,"Sauces made from tomatoes, peppers, and other ingredients, often used as condiments or dips.","    Sauces crafted from tomatoes, peppers, and other ingredients, often used as condiments or dips."
memorials,"Objects or structures created in memory of a person or event, often for commemorative purposes.","    Objects or structures created in memory of a person or event, often for commemorative purposes."
die cast toy vehicles,"Toy vehicles made from metal casting, often known for their high level of detail and realism.","    Toy vehicles crafted from metal casting, often celebrated for their high level of detail and authenticity."
aquarium starter kits,Kits containing essential items for setting up and maintaining an aquarium.,    Kits containing essential items for establishing and maintaining an aquarium.
coffee gifts,"Gift sets or packages containing coffee-related products, often given to coffee enthusiasts.","    Gift sets or packages containing coffee-related products, often bestowed upon coffee enthusiasts."
air fresheners,Products designed to improve the scent or quality of indoor air in homes or vehicles.,    Products designed to enhance the aroma or quality of indoor air in homes or vehicles.
fruit leather,A chewy and sweet snack made by drying fruit puree until it reaches a leather-like consistency.,    A chewy and sweet snack produced by drying fruit puree until it attains a leather-like consistency.
granola trail mix bars,"Bars made from granola, nuts, dried fruits, and other ingredients, often used as a portable snack.","    Bars composed of granola, nuts, dried fruits, and other ingredients, often used as a portable snack."
sugar substitutes,"Sweetening alternatives used in place of sugar, often suitable for dietary or health reasons.","    Sweetening alternatives used as substitutes for sugar, frequently suitable for dietary or health considerations."
bacon,"Cured and smoked pork belly or back meat, often used as a savory ingredient in cooking or as a breakfast item.","    Cured and smoked pork belly or back meat, frequently employed as a savory ingredient in cooking or as a breakfast item."
cat flaps,Small openings or doors installed in homes to allow cats to enter or exit freely.,    Tiny entrances or exits established in residences for cats to move in and out freely.
aquarium heaters,Devices used to regulate and maintain the temperature of water in aquariums to create a suitable environment for aquatic life.,"    Apparatus utilized to control and keep the water temperature stable in aquariums, ensuring a suitable habitat for aquatic creatures."
hair relaxers,Chemical products applied to hair to straighten or loosen curls and waves.,    Chemical substances applied to hair for the purpose of straightening or loosening curls and waves.
breads,"Staple food items made from dough, usually consisting of flour, water, and yeast, and baked until firm and crusty.","    Fundamental food items created from dough, typically consisting of flour, water, and yeast, and then baked until they become firm and crusty."
packaged breads,Loaves of bread that have been pre-packaged for convenience and preservation.,    Bread loaves pre-packaged for ease of use and preservation.
sausages,"Ground meat, often mixed with spices and seasonings, encased in a cylindrical casing, and typically cooked before consumption.","    Minced meat, often combined with spices and seasonings, enclosed in a cylindrical casing and generally cooked before consumption."
dessert toppings,"Sweet substances or sauces added to desserts like ice cream, cakes, or sundaes to enhance their flavor and presentation.","    Sugary substances or sauces incorporated into desserts like ice cream, cakes, or sundaes to enhance their taste and appearance."
diaper stackers caddies,Storage organizers designed for holding and organizing diapers and baby care items.,    Storage organizers specifically designed to hold and arrange diapers and baby care items.
prisms kaleidoscopes,Optical devices or instruments used for refracting and reflecting light to create beautiful and colorful patterns.,    Optical instruments used for bending and reflecting light to produce exquisite and colorful patterns.
maternity,"Relating to the period of pregnancy and childbirth, including clothing and products designed for pregnant women.","    Pertaining to the phase of pregnancy and childbirth, including attire and products tailored for expectant women."
crackers biscuits,"Baked snacks, often crispy and savory, commonly served with cheese, spreads, or eaten on their own.","    Baked snacks, often crispy and savory, frequently served with cheese, spreads, or consumed on their own."
coin collecting,"A hobby involving the collection and study of coins, often for their historical, numismatic, or investment value.","    A hobby involving the gathering and examination of coins, often for their historical, numismatic, or investment value."
chocolate gifts,"Gift sets or packages containing various types of chocolates, often given as presents.","    Gift packages or sets containing an array of chocolate varieties, frequently given as gifts."
kickball playground balls,"Rubber balls used for playing the game of kickball, a popular playground and schoolyard activity.","    Elastic balls employed for playing the game of kickball, a well-liked pastime in playgrounds and schoolyards."
hair perms texturizers,"Hair products and treatments used to create curls, waves, or texture in hair.","    Hair products and treatments utilized to generate curls, waves, or texture in hair."
yo yos,"Toys consisting of a spool attached to a string that can be wound and unwound by hand, often used for tricks and stunts.","    Playthings comprising a reel attached to a string that can be wound and unwound manually, often used for tricks and stunts."
flours meals,Ground grains or legumes used as ingredients in baking and cooking.,    Ground grains or legumes used as ingredients in baking and cooking.
beef,"Meat obtained from cattle, commonly used in various culinary dishes.","    Beef obtained from cattle, commonly used in various culinary preparations."
molding sculpting sticks,Materials used for sculpting and shaping artistic creations or crafts.,    Materials employed for molding and shaping artistic creations or crafts.
washcloths towels,"Fabric items used for cleaning, drying, and personal hygiene, often made of absorbent materials like cotton.","    Fabric items utilized for cleansing, drying, and personal hygiene, frequently made from absorbent materials like cotton."
fruit gifts,"Sets or assortments of various fruits, often given as presents.","    Collections or assortments of various fruits, frequently given as gifts."
stuffing,"A mixture used to fill the cavities of poultry, such as turkeys, during cooking, and also used as a side dish.","    A mixture employed to fill the cavities of poultry, such as turkeys, during cooking, and also served as a side dish."
baking powder,A leavening agent used in baking to help dough and batter rise.,    A leavening substance employed in baking to facilitate the rising of dough and batter.
cereal,A breakfast food made from grains and often served with milk or yogurt.,    A morning meal composed of grains and frequently served with milk or yogurt.
exotic meats,"Unconventional or less common types of meat from non-traditional sources, such as game animals.","    Unusual or less typical types of meat sourced from non-traditional animals, such as game animals."
breadsticks,"Thin, elongated pieces of baked bread, often seasoned and served as snacks or appetizers.","    Slim, elongated pieces of baked bread, often seasoned and presented as snacks or appetizers."
eggs,"Edible bird embryos, commonly used in cooking and baking.","    Edible embryonic birds, commonly used in culinary and baking preparations."
cloth diaper accessories,Additional items and components used in conjunction with cloth diapers for infants.,    Supplementary items and components used in conjunction with cloth diapers for infants.
carriers,"Various types of containers or devices used for transporting and holding objects, often referring to baby carriers.","    Diverse types of containers or devices used for carrying and holding objects, often referring to baby carriers."
toffee,"A sweet, hard confection made from sugar and butter, often containing nuts or flavorings.","    A sugary, solid confection crafted from sugar and butter, frequently containing nuts or flavorings."
hair coloring tools,Equipment and products used for dyeing or coloring hair.,    Equipment and products employed for coloring or dyeing hair.
chocolate covered fruit,"Pieces of fruit coated in chocolate, creating a sweet and indulgent treat.","    Fruit pieces coated in chocolate, creating a sweet and indulgent treat."
caramels,"Chewy candies made by heating sugar, butter, and milk or cream.","    Gummy candies produced by heating sugar, butter, and milk or cream."
assortments,"Collections of items, often a variety of related products or selections.","    Assemblages of items, frequently a variety of interconnected products or choices."
aromatherapy,"The use of aromatic essential oils and scents to promote relaxation, well-being, and various therapeutic effects.","    The application of fragrant essential oils and scents to encourage relaxation, well-being, and various therapeutic results."
seat covers,Protective covers or upholsteries used to cover and safeguard vehicle or furniture seats.,    Protective coverings or upholsteries employed to shield and preserve vehicle or furniture seats.
bondage gear accessories,Items and equipment used in bondage and BDSM activities.,    Items and equipment used in bondage and BDSM activities.
sun protection,"Measures and products used to shield the skin from the harmful effects of the sun, including sunscreen and protective clothing.","    Measures and products used to safeguard the skin from the detrimental effects of the sun, including sunscreen and protective clothing."
dinners,Pre-packaged or pre-cooked meals often sold as convenient and ready-to-eat options.,    Pre-packaged or pre-cooked meals often marketed as convenient and ready-to-eat options.
fruit,"Edible plant products, typically sweet or tart, often consumed fresh or in various dishes and desserts.","    Edible plant products, typically sweet or tart, often consumed fresh or in various dishes and desserts."
aquarium stands,Supportive furniture or structures designed to hold and display aquariums.,    Supportive furniture or structures designed to hold and showcase aquariums.
teaching clocks,Educational tools and devices used to teach children how to read and tell time.,    Educational tools and devices used to instruct children on reading and time-telling.
milk substitutes,"Non-dairy alternatives used in place of traditional cow's milk, such as almond milk or soy milk.","    Non-dairy substitutes employed in lieu of traditional cow's milk, such as almond milk or soy milk."
bubble bath,Liquid soap or bath product used to create foamy bubbles for a relaxing bath experience,    Liquid soap or bath product utilized to produce foamy bubbles for a soothing bath experience.
novelties,"Unusual or amusing objects or items, often used for entertainment or as gag gifts.","    Unusual or comical objects or items, frequently employed for entertainment or as novelty gifts."
jams preserves gifts,"Sets or packages containing various flavors of jams, jellies, or preserves, often given as gifts.","    Sets or packages containing various flavors of jams, jellies, or preserves, typically given as gifts."
meat gifts,"Gift sets or assortments of meat products, often given as presents to meat enthusiasts.","    Gift sets or assortments of meat products, frequently offered as gifts to meat enthusiasts."
beads,"Small, decorative objects with holes used in jewelry making and crafts.","    Small, decorative objects featuring holes employed in jewelry crafting and various crafts."
fish bowls,Glass or plastic containers designed for keeping small fish or aquatic creatures as pets.,    Glass or plastic receptacles designed for housing small fish or aquatic creatures as pets.
odor stain removers,Cleaning products and solutions used to eliminate unwanted odors and stains.,    Cleaning solutions and products used to eliminate unwanted odors and stains.
beverages,"Liquid refreshments, including drinks like water, juice, soda, and more.","    Liquid refreshments, encompassing beverages like water, juice, soda, and more."
food coloring,Edible dyes and pigments used to add color to food and beverages.,    Edible dyes and pigments employed to add color to food and beverages.
children s,"Referring to products, items, or activities designed for or suitable for children.","    Pertaining to products, items, or activities created for or suitable for children."
ice cream frozen desserts,"Frozen sweet treats, including ice cream, sorbet, gelato, and frozen yogurt.","    Frozen sweet treats, encompassing ice cream, sorbet, gelato, and frozen yogurt."
pastry decorations,Decorative items used to enhance the appearance of pastries and baked goods.,    Decorative embellishments used to enhance the visual appeal of pastries and baked goods.
chicken,"Poultry meat obtained from chickens, commonly used in various culinary dishes.","    Poultry meat acquired from chickens, commonly used in various culinary preparations."
sports drinks,Beverages formulated to provide hydration and electrolytes during physical activities and sports.,    Beverages formulated to offer hydration and electrolytes during physical activities and sports.
marshmallows,"Soft, sweet confections often made from sugar, gelatin, and flavorings, commonly used in desserts and hot beverages.","    Soft, sweet confections frequently composed of sugar, gelatin, and flavorings, commonly used in desserts and hot drinks."
pudding,"A creamy dessert made from milk, sugar, and flavorings, often served chilled.","    A creamy dessert crafted from milk, sugar, and flavorings, usually served chilled."
aprons smocks,"Garments worn to protect clothing while cooking, crafting, or performing other messy tasks.","    Attire worn to shield clothing while cooking, crafting, or engaging in other messy tasks."
electronics,Devices and equipment that operate on electricity or electronic circuits.,    Devices and equipment reliant on electricity or electronic circuits.
sex furniture,Furniture items and accessories designed for use in sexual activities and practices.,    Furniture items and accessories designed for use in sexual activities and practices.
pork,"Meat obtained from pigs, commonly used in various culinary dishes.","    Meat sourced from pigs, commonly used in various culinary preparations."
spices gifts,"Gift sets or packages containing various spices and seasonings, often given as presents.","    Gift packages or sets featuring various spices and seasonings, often given as gifts."
dried fruit,"Fruit that has been dehydrated to remove moisture, resulting in a preserved and concentrated product.","    Fruit that has been dehydrated to eliminate moisture, resulting in a preserved and concentrated product."
flying toys,"Toys that are designed to fly or glide, often propelled by wind, tension, or remote control.","    Toys engineered to soar or glide, often propelled by wind, tension, or remote control."
shampoo,A cleansing product used for washing hair and scalp.,    A cleansing product employed for washing hair and scalp.
coatings batters,Mixtures or preparations used to coat or cover food items before frying or cooking.,    Mixtures or preparations used to coat or cover food items before frying or cooking.
hydrometers,"Instruments used to measure the density of liquids, often used in brewing and winemaking.","    Instruments used to gauge the density of liquids, frequently employed in brewing and winemaking."
lamb,"Meat obtained from young sheep, commonly used in various culinary dishes.","    Meat obtained from young sheep, typically used in various culinary preparations."
exercise wheels,Wheels or devices used by small animals like hamsters for exercise and entertainment.,    Wheels or apparatus used by small animals like hamsters for exercise and amusement.
chocolate covered nuts,"Nuts that have been coated in chocolate, creating a sweet and crunchy snack.","    Nuts coated in chocolate, creating a sweet and crunchy snack."
breeding tanks,"Enclosed containers used for breeding and raising aquatic organisms, often in aquariums or aquaculture.","    Enclosed enclosures used for breeding and rearing aquatic organisms, often within aquariums or aquaculture."
